method,cluster_id,size,avg_frequency,median_frequency,recipe_coherence,density_coherence,coverage_coherence,quality,interpretation,primary_category,category_match_pct,secondary_category,recipes_with_cluster,max_co_occurrence,top_5_ingredients,top_10_ingredients
K-Means,33,170,636.5470588235294,59.0,155.91764705882352,2.374368067607334,1.3966870985925492,MEDIUM,MODERATELY COHERENT - meaningful grouping,mixed,13.529411764705882,,26506,9,"garlic clove, olive oil, white wine, fresh thyme, green beans","garlic clove, olive oil, white wine, fresh thyme, green beans, cream, fresh rosemary, leek, sweet onion, red potatoes"
K-Means,50,113,427.7699115044248,16.0,102.52212389380531,2.548467846353043,2.255281279958445,MEDIUM,MODERATELY COHERENT - meaningful grouping,baking,31.858407079646017,grains,11585,9,"baking powder, baking soda, buttermilk, whole wheat flour, unbleached flour","baking powder, baking soda, buttermilk, whole wheat flour, unbleached flour, poppy seed, yellow cornmeal, unsweetened applesauce, white flour, flax seed"
K-Means,10,135,531.3481481481482,66.0,85.2074074074074,2.308180474658785,1.7097633145620628,MEDIUM,MODERATELY COHERENT - meaningful grouping,protein,34.074074074074076,,11503,6,"onion, meat broth, red wine, bell pepper, frying oil","onion, meat broth, red wine, bell pepper, frying oil, beef stock, tomato juice, caraway seed, tomato puree, beef stew"
K-Means,93,91,728.6153846153846,2.0,75.57142857142857,2.067471281081867,2.2719464627273265,MEDIUM,MODERATELY COHERENT - meaningful grouping,mixed,14.285714285714285,,6877,5,"flour, pepper, vegetable oil, panko breadcrumbs, cube steak","flour, pepper, vegetable oil, panko breadcrumbs, cube steak, frying chicken, selfrising cornmeal, beef liver, fryer, pan dripping"
K-Means,31,126,616.7301587301587,3.0,72.44444444444444,2.0499561787905347,1.626949348246456,MEDIUM,MODERATELY COHERENT - meaningful grouping,mixed,15.079365079365079,,9128,5,"sugar, water, frozen lemonade concentrate, rose water, tea bag","sugar, water, frozen lemonade concentrate, rose water, tea bag, semolina, pectin, red cinnamon candies, lemon concentrate, frozen lemonade"
K-Means,12,85,1117.7058823529412,8.0,70.8,2.65752741774676,3.1265028444079532,MEDIUM,MODERATELY COHERENT - meaningful grouping,baking,41.17647058823529,grains,6018,7,"salt, dry yeast, warm water, cornmeal, bread flour","salt, dry yeast, warm water, cornmeal, bread flour, yeast, powdered milk, nonfat dry milk powder, lard, instant yeast"
K-Means,18,74,833.8108108108108,32.5,67.77027027027027,2.2582253240279164,3.0516558432809684,MEDIUM,MODERATELY COHERENT - meaningful grouping,baking,21.62162162162162,,5015,7,"egg, evaporated milk, icing sugar, caster sugar, graham cracker crumbs","egg, evaporated milk, icing sugar, caster sugar, graham cracker crumbs, self rising flour, selfrising flour, vanilla essence, graham cracker, selfraising flour"
K-Means,14,93,348.8494623655914,10.0,64.11827956989248,2.607915478785846,2.804210192242845,MEDIUM,MODERATELY COHERENT - meaningful grouping,dairy,27.956989247311824,mexican,5963,9,"chicken breast, salsa, cheese, black beans, monterey jack cheese","chicken breast, salsa, cheese, black beans, monterey jack cheese, green chili, black olives, flour tortilla, corn, lettuce"
K-Means,44,135,344.8666666666667,53.0,63.67407407407408,2.369590507212657,1.755252227564931,MEDIUM,MODERATELY COHERENT - meaningful grouping,dessert,32.592592592592595,baking,8596,9,"allpurpose flour, confectioners sugar, corn syrup, almond extract, sweetened condensed milk","allpurpose flour, confectioners sugar, corn syrup, almond extract, sweetened condensed milk, cocoa powder, flaked coconut, unsweetened cocoa powder, semisweet chocolate, creamy peanut butter"
K-Means,4,89,285.3707865168539,23.0,48.640449438202246,2.2674982674982673,2.5477508623576037,MEDIUM,MODERATELY COHERENT - meaningful grouping,italian,40.44943820224719,vegetables,4329,6,"fresh basil, red peppers, pine nuts, cherry tomatoes, plum tomato","fresh basil, red peppers, pine nuts, cherry tomatoes, plum tomato, baby spinach, eggplant, roma tomato, roasted red pepper, kalamata olive"
K-Means,3,190,257.3315789473684,57.5,46.99473684210526,2.327024302833464,1.224749633070244,MEDIUM,MODERATELY COHERENT - meaningful grouping,dairy,24.736842105263158,,8929,9,"cream of mushroom soup, garlic salt, sharp cheddar cheese, halfandhalf, swiss cheese","cream of mushroom soup, garlic salt, sharp cheddar cheese, halfandhalf, swiss cheese, cream of chicken soup, sliced mushrooms, bread, broccoli, ham"
K-Means,73,119,255.53781512605042,7.0,46.60504201680672,2.3218535881716553,1.9511374690518113,MEDIUM,MODERATELY COHERENT - meaningful grouping,mixed,15.126050420168067,,5546,7,"garlic powder, paprika, onion powder, season salt, parsley flakes","garlic powder, paprika, onion powder, season salt, parsley flakes, onion flakes, lime pepper, onion salt, dry onion, nutritional yeast"
K-Means,25,60,329.1,2.0,45.56666666666667,2.068397951719093,3.447329919531821,MEDIUM,MODERATELY COHERENT - meaningful grouping,mixed,15.0,,2734,4,"carrot, cabbage, celery rib, parsnip, cauliflower floret","carrot, cabbage, celery rib, parsnip, cauliflower floret, white cabbage, yam, kohlrabi, lumpia skins, boiling onions"
K-Means,30,142,213.09154929577466,23.0,42.75352112676056,2.5396145610278373,1.788460958470308,MEDIUM,MODERATELY COHERENT - meaningful grouping,mexican,26.056338028169012,vegetables,6071,8,"cilantro, avocado, jalapeno pepper, jalapeno, lime","cilantro, avocado, jalapeno pepper, jalapeno, lime, white onion, corn tortilla, frozen corn, chipotle chile in adobo, serrano chili"
K-Means,16,142,246.45774647887325,35.0,41.95070422535211,2.4512338425381905,1.7262210158719653,MEDIUM,MODERATELY COHERENT - meaningful grouping,mixed,14.084507042253522,,5957,8,"ground cumin, curry powder, limec juice of, ground coriander, plain yogurt","ground cumin, curry powder, limec juice of, ground coriander, plain yogurt, cayenne, chickpeas, chopped tomato, cauliflower, skinless chicken legs"
K-Means,17,101,255.13861386138615,36.0,40.48514851485149,2.2719491318170704,2.2494545859574955,MEDIUM,MODERATELY COHERENT - meaningful grouping,mixed,15.841584158415841,,4089,7,"white vinegar, red wine vinegar, cucumber, feta cheese, fresh dill","white vinegar, red wine vinegar, cucumber, feta cheese, fresh dill, of fresh mint, blue cheese, romaine lettuce, dill, green salad"
K-Means,13,156,277.96153846153845,18.0,39.48076923076923,2.1964604643610977,1.4079874771545497,MEDIUM,MODERATELY COHERENT - meaningful grouping,mixed,11.538461538461538,,6159,5,"brown sugar, pecans, apples, sweet potato, pumpkin pie","brown sugar, pecans, apples, sweet potato, pumpkin pie, pie crust, pecan halves, puff pastry, pie shell, bourbon"
K-Means,75,136,211.08823529411765,16.5,39.404411764705884,2.6454562418361633,1.9451884131148263,MEDIUM,MODERATELY COHERENT - meaningful grouping,fruits,21.323529411764707,,5359,8,"ground cinnamon, ground ginger, ground nutmeg, ground cloves, molasses","ground cinnamon, ground ginger, ground nutmeg, ground cloves, molasses, ground allspice, granny smith apple, pumpkin, golden raisin, ground cardamom"
K-Means,51,72,271.19444444444446,4.0,37.833333333333336,2.303964757709251,3.1999510523739594,MEDIUM,MODERATELY COHERENT - meaningful grouping,mixed,18.055555555555554,,2724,7,"ground pepper, oregano, thyme, basil, rosemary","ground pepper, oregano, thyme, basil, rosemary, sage, marjoram, sweet basil, savory, fryer chicken"
K-Means,88,164,219.140243902439,33.0,36.951219512195124,2.772277227722772,1.6904129437333975,MEDIUM,MODERATELY COHERENT - meaningful grouping,mixed,15.853658536585366,asian,6060,12,"cornstarch, gingerroot, cooked rice, peanut oil, chili sauce","cornstarch, gingerroot, cooked rice, peanut oil, chili sauce, broccoli floret, low sodium soy sauce, dry sherry, spring onion, sherry wine"
K-Means,6,101,237.85148514851485,61.0,34.524752475247524,2.3513048465729853,2.3280246005673124,MEDIUM,MODERATELY COHERENT - meaningful grouping,grains,26.732673267326735,,3487,10,"almonds, apple, rolled oats, dried cranberries, oats","almonds, apple, rolled oats, dried cranberries, oats, slivered almonds, sliced almonds, quickcooking oats, oatmeal, apple juice"
K-Means,45,115,213.1391304347826,4.0,30.82608695652174,2.1500705218617773,1.8696265407493715,MEDIUM,MODERATELY COHERENT - meaningful grouping,mixed,17.391304347826086,,3545,6,"vanilla, shortening, nuts, cocoa, hot water","vanilla, shortening, nuts, cocoa, hot water, vegetable shortening, crisco, unsifted flour, karo syrup, crisco shortening"
K-Means,82,109,166.44036697247705,6.0,29.59633027522936,2.3360198388096713,2.1431374667978638,MEDIUM,MODERATELY COHERENT - meaningful grouping,mexican,25.688073394495415,,3226,6,"chili powder, cumin, kidney bean, ground turkey, stewed tomatoes","chili powder, cumin, kidney bean, ground turkey, stewed tomatoes, red kidney beans, pinto beans, tomatoes and green chilies, beans, chili bean"
K-Means,23,57,328.2631578947368,7.0,29.50877192982456,2.1343638525564805,3.744497986941194,MEDIUM,MODERATELY COHERENT - meaningful grouping,baking,31.57894736842105,dairy,1682,5,"cinnamon, skim milk, applesauce, splenda sugar substitute, splenda granular","cinnamon, skim milk, applesauce, splenda sugar substitute, splenda granular, sugar substitute, artificial sweetener, splenda brown sugar blend, stevia, almond butter"
K-Means,54,118,196.11016949152543,4.0,29.3135593220339,2.341428158427291,1.9842611512095685,MEDIUM,MODERATELY COHERENT - meaningful grouping,dessert,27.11864406779661,dairy,3459,8,"margarine, white sugar, semisweet chocolate chips, chocolate chips, peanut butter","margarine, white sugar, semisweet chocolate chips, chocolate chips, peanut butter, coconut, mini marshmallows, marshmallows, butterscotch chips, rice krispies"
K-Means,27,112,138.82142857142858,16.0,29.232142857142858,2.5222968845448994,2.2520507897722317,MEDIUM,MODERATELY COHERENT - meaningful grouping,asian,35.714285714285715,,3274,7,"sesame oil, sesame seeds, rice vinegar, peanuts, rice wine vinegar","sesame oil, sesame seeds, rice vinegar, peanuts, rice wine vinegar, bean sprouts, roasted peanuts, toasted sesame seeds, toasted sesame oil, mirin"
K-Means,19,151,144.3708609271523,9.0,29.211920529801326,2.7002947177510768,1.7882746475172695,MEDIUM,MODERATELY COHERENT - meaningful grouping,condiments,22.516556291390728,dairy,4411,8,"mozzarella cheese, italian seasoning, frozen spinach, ricotta cheese, pasta sauce","mozzarella cheese, italian seasoning, frozen spinach, ricotta cheese, pasta sauce, italian sausage, cottage cheese, provolone cheese, pepperoni, lasagna noodles"
K-Means,76,135,201.33333333333334,66.0,28.85925925925926,2.166581108829569,1.6048748954293102,MEDIUM,MODERATELY COHERENT - meaningful grouping,italian,32.592592592592595,vegetables,3896,7,"spinach, fresh mushrooms, spaghetti, pasta, basil leaves","spinach, fresh mushrooms, spaghetti, pasta, basil leaves, fresh garlic, artichoke heart, portabella mushroom, penne pasta, linguine"
K-Means,79,112,206.3125,6.0,28.107142857142858,2.2141041931385006,1.9768787438736612,MEDIUM,MODERATELY COHERENT - meaningful grouping,mixed,9.821428571428571,,3148,6,"virgin olive oil, dijon mustard, balsamic vinegar, salt freshly ground black pepper, arugula","virgin olive oil, dijon mustard, balsamic vinegar, salt freshly ground black pepper, arugula, sherry vinegar, mixed greens, greens, rocket, radicchio"
K-Means,63,61,168.98360655737704,2.0,27.885245901639344,2.103468547912992,3.4483090949393316,MEDIUM,MODERATELY COHERENT - meaningful grouping,italian,26.229508196721312,vegetables,1701,4,"dry oregano, dry basil, dried parsley, dried garlic, garlic flakes","dry oregano, dry basil, dried parsley, dried garlic, garlic flakes, oregano sprig, lowsodium tomato juice, dried chervil, ground dried chile, italian tomato paste"
K-Means,26,75,157.37333333333333,26.0,27.84,2.3797892720306515,3.1730523627075353,MEDIUM,MODERATELY COHERENT - meaningful grouping,fruits,22.666666666666664,baking,2088,8,"boiling water, crushed pineapple, cool whip, instant pudding mix, whipped topping","boiling water, crushed pineapple, cool whip, instant pudding mix, whipped topping, instant vanilla pudding, frozen whipped topping, maraschino cherry, maraschino cherries, crushed pineapple in syrup"
K-Means,60,88,221.45454545454547,54.0,27.193181818181817,2.1926452152110323,2.491642290012537,MEDIUM,MODERATELY COHERENT - meaningful grouping,mixed,15.909090909090908,,2393,7,"dry wine, flat leaf parsley, capers, large shrimp, coarse salt","dry wine, flat leaf parsley, capers, large shrimp, coarse salt, salmon fillet, fish fillet, lemon wedge, green olives, tilapia fillet"
K-Means,97,101,218.21782178217822,13.0,26.22772277227723,2.1434503586258966,2.122228077847422,MEDIUM,MODERATELY COHERENT - meaningful grouping,grains,27.722772277227726,protein,2649,5,"chicken broth, rice, chicken, cooked chicken, long grain rice","chicken broth, rice, chicken, cooked chicken, long grain rice, baby carrots, longgrain rice, chicken seasoning, white rice, smoked sausage"
K-Means,69,134,123.51492537313433,5.0,25.850746268656717,2.4148383371824482,1.8021181620764537,MEDIUM,MODERATELY COHERENT - meaningful grouping,mixed,14.17910447761194,,3464,8,"lime juice, fish sauce, mint leaf, cilantro leaf, mango","lime juice, fish sauce, mint leaf, cilantro leaf, mango, lime zest, lime wedge, lemongrass, tequila, mangoes"
K-Means,35,189,149.41798941798942,10.0,25.59259259259259,3.1972296878230306,1.6916559194830851,HIGH,HIGHLY COHERENT - strong culinary relationship,mixed,15.343915343915343,,4837,20,"ginger, turmeric, coriander, cinnamon stick, coconut milk","ginger, turmeric, coriander, cinnamon stick, coconut milk, cumin seed, mustard seeds, garam masala, chili, basmati rice"
K-Means,96,103,209.46601941747574,43.0,25.446601941747574,2.239221671117894,2.174001622444557,MEDIUM,MODERATELY COHERENT - meaningful grouping,mixed,9.70873786407767,,2621,6,"egg yolk, lemon zest, cold water, whole milk, lemonc zest of","egg yolk, lemon zest, cold water, whole milk, lemonc zest of, brandy, bitter chocolate, dark chocolate, unflavored gelatin, hazelnuts"
K-Means,77,85,179.38823529411764,2.0,25.4,2.1806391848077813,2.5654578644797428,MEDIUM,MODERATELY COHERENT - meaningful grouping,mixed,12.941176470588237,,2159,5,"ketchup, vinegar, dry mustard, mustard, prepared mustard","ketchup, vinegar, dry mustard, mustard, prepared mustard, celery seed, salad oil, hot dog, dill seed, green tomato"
K-Means,37,55,325.56363636363636,3.0,25.327272727272728,2.020100502512563,3.6729100045682963,MEDIUM,MODERATELY COHERENT - meaningful grouping,dairy,21.818181818181817,vegetables,1393,3,"parmesan cheese, italian breadcrumbs, seasoned bread crumbs, arborio rice, fettuccine","parmesan cheese, italian breadcrumbs, seasoned bread crumbs, arborio rice, fettuccine, fettuccine pasta, caesar salad dressing, unseasoned breadcrumbs, refrigerated bread dough, risotto rice"
K-Means,1,65,220.92307692307693,34.0,25.29230769230769,2.190389294403893,3.3698296836982973,MEDIUM,MODERATELY COHERENT - meaningful grouping,protein,29.230769230769234,vegetables,1644,5,"dried thyme, low sodium beef broth, vegetable broth, dried rosemary, reducedsodium chicken broth","dried thyme, low sodium beef broth, vegetable broth, dried rosemary, reducedsodium chicken broth, sweet pepper, dry tarragon, dried sage, dried marjoram, cooked brown rice"
K-Means,71,159,135.76729559748426,14.0,23.32075471698113,2.313646170442287,1.4551233776366583,MEDIUM,MODERATELY COHERENT - meaningful grouping,mixed,12.578616352201259,,3708,7,"mayonnaise, hardboiled egg, tuna, dill weed, prepared horseradish","mayonnaise, hardboiled egg, tuna, dill weed, prepared horseradish, cooked chicken breast, horseradish, fried bacon, pimiento, dill pickle"
K-Means,49,93,207.81720430107526,43.0,21.64516129032258,2.1818181818181817,2.346041055718475,MEDIUM,MODERATELY COHERENT - meaningful grouping,protein,43.01075268817204,,2013,7,"cider vinegar, barbecue sauce, beer, pork chop, pork tenderloin","cider vinegar, barbecue sauce, beer, pork chop, pork tenderloin, yellow mustard, liquid smoke, chicken wings, mustard powder, boneless pork chop"
K-Means,48,92,170.75,15.5,20.91304347826087,2.3451143451143452,2.5490373316460273,MEDIUM,MODERATELY COHERENT - meaningful grouping,fruits,29.347826086956523,,1924,11,"strawberries, blueberries, rum, peach, strawberry","strawberries, blueberries, rum, peach, strawberry, chunk pineapple, raspberries, pineapple, mandarin orange, seedless grapes"
K-Means,70,77,180.7012987012987,2.0,20.844155844155843,2.155763239875389,2.799692519318687,MEDIUM,MODERATELY COHERENT - meaningful grouping,vegetables,24.675324675324674,condiments,1605,5,"green pepper, red bell pepper, yellow pepper, orange pepper, reynolds wrap foil","green pepper, red bell pepper, yellow pepper, orange pepper, reynolds wrap foil, simply potatoes diced potatoes with onion, mexican cornbread mix, mediumgrain white rice, corn muffins, pork shoulder chop"
K-Means,64,130,140.23076923076923,8.0,20.53846153846154,2.197003745318352,1.690002881014117,MEDIUM,MODERATELY COHERENT - meaningful grouping,condiments,20.76923076923077,,2670,7,"worcestershire sauce, tabasco sauce, hot sauce, pepper sauce, celery salt","worcestershire sauce, tabasco sauce, hot sauce, pepper sauce, celery salt, catsup, ground chuck, steak sauce, ground sirloin, a original sauce"
K-Means,90,106,160.32075471698113,10.5,20.452830188679247,2.2370848708487086,2.11045742532897,MEDIUM,MODERATELY COHERENT - meaningful grouping,mixed,18.867924528301888,protein,2168,6,"cheddar cheese, kernel corn, ranch dressing, diced green chilis, refried beans","cheddar cheese, kernel corn, ranch dressing, diced green chilis, refried beans, enchilada sauce, ranch dressing mix, ripe olives, chunky salsa, rotel tomatoes"
K-Means,9,117,170.53846153846155,23.0,19.23931623931624,2.187027987561084,1.8692546902231488,MEDIUM,MODERATELY COHERENT - meaningful grouping,protein,37.60683760683761,,2251,7,"celery, frozen peas, peas, chicken bouillon cube, lentils","celery, frozen peas, peas, chicken bouillon cube, lentils, chicken bouillon granule, dry lentils, turnip, pearl barley, chicken bouillon"
K-Means,87,134,97.07462686567165,4.0,19.238805970149254,2.1951124903025603,1.6381436494795225,MEDIUM,MODERATELY COHERENT - meaningful grouping,fruits,30.597014925373134,,2578,7,"orange juice, orange zest, cranberries, orange rind, orange marmalade","orange juice, orange zest, cranberries, orange rind, orange marmalade, cranberry juice, orange peel, ginger ale, grenadine, orange extract"
K-Means,46,95,160.8736842105263,4.0,19.05263157894737,2.169060773480663,2.2832218668217505,MEDIUM,MODERATELY COHERENT - meaningful grouping,vegetables,26.31578947368421,italian,1810,6,"tomato sauce, diced tomato, lean ground beef, bell peppers, diced onion","tomato sauce, diced tomato, lean ground beef, bell peppers, diced onion, lean ground turkey, spicy seasoning mix, frozen okra, ground meat, lean hamburger"
K-Means,99,52,312.4230769230769,2.0,17.596153846153847,2.0065573770491802,3.8587641866330387,MEDIUM,MODERATELY COHERENT - meaningful grouping,fruits,25.0,,915,3,"lemon juice, lemon rind, lemon peel, fruit pectin, dry pectin","lemon juice, lemon rind, lemon peel, fruit pectin, dry pectin, absolut vodka, lemon sorbet, schnapps, concord grapes, clear jel"
K-Means,62,72,136.375,42.5,16.01388888888889,2.22896790980052,3.0957887636118335,MEDIUM,MODERATELY COHERENT - meaningful grouping,seafood,58.333333333333336,,1153,6,"shrimp, crabmeat, cajun seasoning, old bay seasoning, salmon","shrimp, crabmeat, cajun seasoning, old bay seasoning, salmon, raw shrimp, creole seasoning, lump crabmeat, extrasharp cheddar cheese, cooked shrimp"
K-Means,92,75,154.76,36.0,15.533333333333333,2.127038626609442,2.8360515021459225,MEDIUM,MODERATELY COHERENT - meaningful grouping,dairy,45.33333333333333,,1165,5,"cooking spray, lowfat milk, nonfat milk, nonstick cooking spray, fat cottage cheese","cooking spray, lowfat milk, nonfat milk, nonstick cooking spray, fat cottage cheese, vegetable oil cooking spray, corn oil, fat free cheese, light cheese, lowfat cheese"
K-Means,65,92,126.73913043478261,6.0,14.641304347826088,2.071269487750557,2.2513798779897356,MEDIUM,MODERATELY COHERENT - meaningful grouping,mixed,18.478260869565215,vegetables,1347,4,"ground beef, onion soup mix, ground pork, hamburger bun, tomato soup","ground beef, onion soup mix, ground pork, hamburger bun, tomato soup, instant rice, condensed tomato soup, lipton onion soup mix, minute rice, refrigerated biscuits"
K-Means,36,170,103.68823529411765,7.0,12.647058823529411,2.2590697674418605,1.3288645690834473,MEDIUM,MODERATELY COHERENT - meaningful grouping,mixed,10.588235294117647,,2150,7,"shallot, fresh ground pepper, chives, fresh chives, tarragon","shallot, fresh ground pepper, chives, fresh chives, tarragon, gruyere cheese, asiago cheese, creme fraiche, gouda cheese, beef tenderloin"
K-Means,2,102,75.59803921568627,10.5,12.519607843137255,2.3531714956930307,2.3070308781304223,MEDIUM,MODERATELY COHERENT - meaningful grouping,beverages,31.372549019607842,fruits,1277,7,"pineapple juice, ice, orange, vodka, club soda","pineapple juice, ice, orange, vodka, club soda, mint sprig, grape juice, triple sec, lemonlime flavored soda, coconut rum"
K-Means,40,98,112.98979591836735,44.0,10.76530612244898,2.195260663507109,2.2400619015378664,MEDIUM,MODERATELY COHERENT - meaningful grouping,protein,27.55102040816326,,1055,5,"french bread, lettuce leaf, olive, iceberg lettuce, italian salad mix","french bread, lettuce leaf, olive, iceberg lettuce, italian salad mix, italian dressing, whole wheat bread, crouton, deli ham, sourdough bread"
K-Means,52,135,80.17777777777778,3.0,10.71111111111111,2.2745504840940525,1.684852210440039,MEDIUM,MODERATELY COHERENT - meaningful grouping,mixed,18.51851851851852,,1446,6,"bay leaf, clove, peppercorn, whole black peppercorn, dried beans","bay leaf, clove, peppercorn, whole black peppercorn, dried beans, ham bone, allspice berry, juniper berries, smoked ham hock, rabbit"
K-Means,78,90,296.18888888888887,1.0,10.533333333333333,2.029535864978903,2.2550398499765585,MEDIUM,MODERATELY COHERENT - meaningful grouping,mixed,17.77777777777778,dairy,948,4,"milk, bisquick, bisquick baking mix, instant vanilla flavor pudding and pie filling, baking mix","milk, bisquick, bisquick baking mix, instant vanilla flavor pudding and pie filling, baking mix, vanilla pudding mix, pudding mix, buttermilk baking mix, jello pudding mix, whipped dessert topping mix"
K-Means,32,139,100.7841726618705,4.0,10.489208633093526,2.0809327846364885,1.4970739457816464,MEDIUM,MODERATELY COHERENT - meaningful grouping,mixed,12.949640287769784,,1458,6,"cream cheese, refrigerated dinner rolls, cherry pie filling, cracker, graham cracker crust","cream cheese, refrigerated dinner rolls, cherry pie filling, cracker, graham cracker crust, oreo cookies, graham cracker pie crust, crescent roll, refrigerated sugar cookie dough, strawberry preserves"
K-Means,74,64,130.484375,2.0,10.40625,2.036036036036036,3.1813063063063063,MEDIUM,MODERATELY COHERENT - meaningful grouping,mixed,17.1875,,666,4,"nutmeg, allspice, mace, eggnog, vanilla baking chips","nutmeg, allspice, mace, eggnog, vanilla baking chips, kefalotiri, lingonberry, beef suet, pillsbury ready made pie dough, sweet potato puree"
K-Means,20,189,60.06878306878307,3.0,9.232804232804233,2.4148997134670487,1.2777247161201317,MEDIUM,MODERATELY COHERENT - meaningful grouping,dessert,26.984126984126984,dairy,1745,6,"whipped cream, vanilla ice cream, chocolate syrup, kahlua, coffee","whipped cream, vanilla ice cream, chocolate syrup, kahlua, coffee, brewed coffee, amaretto, ice cream, strong coffee, baileys irish cream"
K-Means,94,81,90.55555555555556,20.0,8.54320987654321,2.296242774566474,2.834867622921573,MEDIUM,MODERATELY COHERENT - meaningful grouping,baking,23.456790123456788,,692,5,"maple syrup, soymilk, egg substitute, coconut oil, agave nectar","maple syrup, soymilk, egg substitute, coconut oil, agave nectar, raw sugar, egg beaters egg substitute, grapeseed oil, silken tofu, almond milk"
K-Means,56,66,88.31818181818181,2.0,8.484848484848484,2.0285714285714285,3.0735930735930737,MEDIUM,MODERATELY COHERENT - meaningful grouping,vegetables,21.21212121212121,,560,3,"zucchini, yellow squash, summer squash, squash, crookneck yellow squash","zucchini, yellow squash, summer squash, squash, crookneck yellow squash, yellow capsicum, pattypan squash, cavenders all purpose greek seasoning, spike seasoning, italian cut green beans"
K-Means,11,71,151.59154929577466,4.0,8.422535211267606,2.0301003344481607,2.8592962457016347,MEDIUM,MODERATELY COHERENT - meaningful grouping,mixed,14.084507042253522,,598,4,"unsalted butter, table salt, ice water, golden brown sugar, extra large egg","unsalted butter, table salt, ice water, golden brown sugar, extra large egg, fine salt, lightbrown sugar, parchment paper, muscovado sugar, cherry preserves"
K-Means,59,191,61.738219895287955,3.0,8.408376963350785,2.25093399750934,1.17849947513578,MEDIUM,MODERATELY COHERENT - meaningful grouping,dairy,23.56020942408377,fruits,1606,5,"banana, lowfat yogurt, ice cube, frozen strawberries, frozen yogurt","banana, lowfat yogurt, ice cube, frozen strawberries, frozen yogurt, vanilla yogurt, sugarfree pudding mix, frozen blueberries, fruit cocktail, fatfree cool whip"
K-Means,34,55,295.2,1.0,8.290909090909091,2.039473684210526,3.7081339712918657,MEDIUM,MODERATELY COHERENT - meaningful grouping,mixed,16.363636363636363,,456,4,"black pepper, sea salt, fresh onion, hard cheese, glutenfree chicken stock","black pepper, sea salt, fresh onion, hard cheese, glutenfree chicken stock, tenderloin, reducedsodium diced tomatoes, verjuice, black mission fig, coconut aminos"
K-Means,58,120,113.24166666666666,3.0,7.941666666666666,2.116474291710388,1.7637285764253232,MEDIUM,MODERATELY COHERENT - meaningful grouping,baking,34.166666666666664,dessert,953,6,"oil, yellow cake mix, cake mix, chocolate cake mix, devils food cake mix","oil, yellow cake mix, cake mix, chocolate cake mix, devils food cake mix, brownie mix, matzo meal, lemon cake mix, chocolate frosting, pancake mix"
K-Means,43,113,98.23893805309734,3.0,6.884955752212389,2.0938303341902316,1.8529471983984351,MEDIUM,MODERATELY COHERENT - meaningful grouping,asian,20.353982300884958,,778,4,"soy sauce, ginger powder, liquid honey, chow mein noodles, tuna steak","soy sauce, ginger powder, liquid honey, chow mein noodles, tuna steak, cooking sherry, marinade, pickled ginger, stir fry vegetables, wasabi"
K-Means,24,91,95.12087912087912,3.0,6.56043956043956,2.204355108877722,2.4223682515139804,MEDIUM,MODERATELY COHERENT - meaningful grouping,mixed,19.78021978021978,,597,6,"bacon, pork beans, baked beans, toothpick, butter beans","bacon, pork beans, baked beans, toothpick, butter beans, lima beans, bacon drippings, shredded hash brown potatoes, polish sausage, little smokies sausage"
K-Means,85,92,96.5,3.0,6.163043478260869,2.072310405643739,2.252511310482325,MEDIUM,MODERATELY COHERENT - meaningful grouping,protein,23.91304347826087,,567,3,"chicken stock, yellow onion, cornflour, chicken breast fillet, chicken thigh fillet","chicken stock, yellow onion, cornflour, chicken breast fillet, chicken thigh fillet, chicken fillet, duck breast, butternut pumpkin, rindless bacon, pasilla chile"
K-Means,21,111,92.78378378378379,3.0,5.594594594594595,2.0483091787439616,1.8453235844540192,MEDIUM,MODERATELY COHERENT - meaningful grouping,mixed,18.91891891891892,,621,4,"red onion, red pepper, balsamic vinaigrette, reducedfat feta cheese, vinaigrette dressing","red onion, red pepper, balsamic vinaigrette, reducedfat feta cheese, vinaigrette dressing, vinaigrette, miracle whip light, wax bean, lowfat italian salad dressing, spring greens"
K-Means,5,120,58.13333333333333,3.0,5.391666666666667,2.054095826893354,1.7117465224111283,MEDIUM,MODERATELY COHERENT - meaningful grouping,baking,21.666666666666668,,647,4,"egg white, cream of tartar, ground almonds, almond paste, thickened cream","egg white, cream of tartar, ground almonds, almond paste, thickened cream, whole unblanched almond, rose petal, dry curd cottage cheese, orangec juice and rind of, red currants"
K-Means,42,47,78.80851063829788,30.0,5.319148936170213,2.136,4.54468085106383,MEDIUM,MODERATELY COHERENT - meaningful grouping,beverages,40.42553191489361,fruits,250,4,"oranges, cantaloupe, pear, orange concentrate, navel orange","oranges, cantaloupe, pear, orange concentrate, navel orange, champagne, orangec juice of, grapefruit, pomegranate, pomegranate juice"
K-Means,53,54,91.70370370370371,2.0,4.222222222222222,2.0219298245614037,3.7443144899285254,MEDIUM,MODERATELY COHERENT - meaningful grouping,dairy,24.074074074074073,,228,3,"breadcrumbs, ground chicken, lean ground pork, ground veal, camembert cheese","breadcrumbs, ground chicken, lean ground pork, ground veal, camembert cheese, vegemite, pork cutlet, edam cheese, yellow cheese, herbed goat cheese"
K-Means,28,102,98.87254901960785,3.0,3.9411764705882355,2.0223880597014925,1.9827333918642083,MEDIUM,MODERATELY COHERENT - meaningful grouping,condiments,25.49019607843137,dairy,402,3,"skinless chicken breast, lime pepper seasoning, lemonpepper seasoning, chicken stuffing mix, fatfree salad dressing","skinless chicken breast, lime pepper seasoning, lemonpepper seasoning, chicken stuffing mix, fatfree salad dressing, assorted fresh vegetable, good seasons salad dressing mix, stirfry sauce, teriyaki marinade, russian salad dressing"
K-Means,84,111,53.432432432432435,3.0,3.7567567567567566,2.0407673860911273,1.8385291766586733,MEDIUM,MODERATELY COHERENT - meaningful grouping,mixed,13.513513513513514,,417,5,"tomato paste, crushed tomatoes, cooking onion, pickled onion, soy cheese","tomato paste, crushed tomatoes, cooking onion, pickled onion, soy cheese, cubanelle pepper, vegan worcestershire sauce, mizithra cheese, reducedsodium vegetable broth, chianti wine"
K-Means,22,41,275.609756097561,2.0,3.6341463414634148,2.0201342281879193,4.927156654116876,MEDIUM,MODERATELY COHERENT - meaningful grouping,asian,24.390243902439025,,149,3,"green onion, porkflavored ramen noodles, chickenflavor oriental noodles, beefflavor ramen noodles, boilinthebag rice","green onion, porkflavored ramen noodles, chickenflavor oriental noodles, beefflavor ramen noodles, boilinthebag rice, sockeye salmon, thai rice noodles, round onion, fish cake, kamaboko"
K-Means,55,90,74.24444444444444,2.0,3.088888888888889,2.039568345323741,2.2661870503597124,MEDIUM,MODERATELY COHERENT - meaningful grouping,mixed,17.77777777777778,,278,4,"walnuts, red apple, walnut oil, mincemeat, dried tart cherry","walnuts, red apple, walnut oil, mincemeat, dried tart cherry, sweet apple, raspberry vinaigrette dressing, pomegranate syrup, mixed seeds, fruit spread"
K-Means,41,109,52.44954128440367,2.0,2.8807339449541285,2.245222929936306,2.059837550400281,MEDIUM,MODERATELY COHERENT - meaningful grouping,mixed,9.174311926605505,,314,8,"raisins, mixed spice, glace cherries, green cherries, candied peel","raisins, mixed spice, glace cherries, green cherries, candied peel, candied fruit, candied cherry, roasted sunflower seeds, almond essence, cashew pieces"
K-Means,86,116,54.10344827586207,3.0,2.7327586206896552,2.088328075709779,1.8002828238877406,MEDIUM,MODERATELY COHERENT - meaningful grouping,mixed,18.103448275862068,fruits,317,4,"powdered sugar, icing, maple flavoring, almond bark, instant lemon pudding","powdered sugar, icing, maple flavoring, almond bark, instant lemon pudding, maraschino juice, paraffin wax, decorative candies, flavoring, chocolate bar"
K-Means,68,101,60.54455445544554,2.0,2.722772277227723,2.061818181818182,2.0414041404140417,MEDIUM,MODERATELY COHERENT - meaningful grouping,mixed,8.91089108910891,,275,5,"kosher salt, extralarge egg, whole turkey, prime rib roast, granulated onion","kosher salt, extralarge egg, whole turkey, prime rib roast, granulated onion, meyer lemon, best foods mayonnaise, arbol chile, plastic wrap, standing rib roast"
K-Means,0,55,173.03636363636363,2.0,2.709090909090909,2.0671140939597317,3.758389261744967,MEDIUM,MODERATELY COHERENT - meaningful grouping,mixed,14.545454545454545,,149,4,"fresh lemon, canola oil, beefflavored vegetarian seasoning, dandelion flowers, frenchfried potatoes","fresh lemon, canola oil, beefflavored vegetarian seasoning, dandelion flowers, frenchfried potatoes, globe eggplant, buckwheat honey, smen, cajunlouisiana seasoning blend, chicken halves"
K-Means,98,67,185.16417910447763,2.0,2.671641791044776,2.022346368715084,3.018427415992663,MEDIUM,MODERATELY COHERENT - meaningful grouping,mixed,11.940298507462686,,179,3,"sour cream, vegetable soup mix, farmer cheese, knorr vegetable soup mix, frozen coconut","sour cream, vegetable soup mix, farmer cheese, knorr vegetable soup mix, frozen coconut, apricot syrup, green giant whole mushrooms, beau monde spice, sweet corn relish, saffron rice mix"
K-Means,67,77,129.8961038961039,2.0,2.6493506493506493,2.053921568627451,2.667430608607079,MEDIUM,MODERATELY COHERENT - meaningful grouping,mixed,14.285714285714285,,204,4,"honey, fresh fig, lavender flowers, grey poupon mustard, duck","honey, fresh fig, lavender flowers, grey poupon mustard, duck, muesli, dried lavender, almond oil, lowfat peanut butter, brewed green tea"
K-Means,47,52,1035.9038461538462,1.0,2.6346153846153846,2.051094890510949,3.9444132509825938,MEDIUM,MODERATELY COHERENT - meaningful grouping,dairy,23.076923076923077,dessert,137,3,"butter, rice bubbles, golden grahams cereal, mars bars, unpopped popcorn","butter, rice bubbles, golden grahams cereal, mars bars, unpopped popcorn, beef consomme soup, cocoa pebbles cereal, chicken in a biscuit crackers, ginger biscuits, magic shell ice cream topping"
K-Means,29,66,180.34848484848484,2.0,2.4242424242424243,2.05,3.106060606060606,MEDIUM,MODERATELY COHERENT - meaningful grouping,dairy,24.242424242424242,dessert,160,3,"vanilla extract, fatfree condensed milk, coffee creamer, butter flavor extract, reducedcalorie whipped topping","vanilla extract, fatfree condensed milk, coffee creamer, butter flavor extract, reducedcalorie whipped topping, chocolateflavored candy coating, chocolateflavor nestle nesquik powder, chocolatecovered nuts, extra large egg whites, natural cane sugar"
K-Means,38,66,122.53030303030303,3.0,2.3484848484848486,2.032258064516129,3.0791788856304985,MEDIUM,MODERATELY COHERENT - meaningful grouping,mixed,15.151515151515152,,155,3,"parsley, veal, spearmint, lea perrins worcestershire sauce, fish steaks","parsley, veal, spearmint, lea perrins worcestershire sauce, fish steaks, fines herbes, sole, spanish olive oil, bearnaise sauce, spaetzle noodles"
K-Means,80,71,170.07042253521126,2.0,2.1549295774647885,2.0326797385620914,2.8629292092423824,MEDIUM,MODERATELY COHERENT - meaningful grouping,mixed,16.901408450704224,,153,3,"tomatoes, whole wheat english muffin, bermuda onion, lowfat ranch dressing, walla walla onion","tomatoes, whole wheat english muffin, bermuda onion, lowfat ranch dressing, walla walla onion, sharp cheese, cassava, fatfree american cheese, culantro, ovenroasted turkey breast"
K-Means,57,51,359.11764705882354,2.0,1.9607843137254901,2.03,3.980392156862745,MEDIUM,MODERATELY COHERENT - meaningful grouping,protein,21.568627450980394,,100,3,"salt pepper, vegan parmesan cheese, herb salad dressing, country sausage, worchestershire sauce","salt pepper, vegan parmesan cheese, herb salad dressing, country sausage, worchestershire sauce, mature cheddar cheese, bacon piece, boneless fish fillet, french tarragon, gluten free bread"
K-Means,39,86,95.80232558139535,2.0,1.872093023255814,2.0372670807453415,2.3689152101690016,MEDIUM,MODERATELY COHERENT - meaningful grouping,mixed,16.27906976744186,,161,4,"potato, tapioca, haddock, lamb stock, polska kielbasa","potato, tapioca, haddock, lamb stock, polska kielbasa, sorrel, canned clams, curd cheese, lowsodium chicken bouillon cube, raclette cheese"
K-Means,61,66,95.0,2.0,1.7575757575757576,2.043103448275862,3.095611285266458,MEDIUM,MODERATELY COHERENT - meaningful grouping,vegetables,24.242424242424242,italian,116,3,"hot pepper flakes, broccoli raab, lean chicken, bucatini pasta, chicken breast halve","hot pepper flakes, broccoli raab, lean chicken, bucatini pasta, chicken breast halve, spinach tortellini, cooked vermicelli, fresh tarragon sprig, basil chiffonade, rapini"
K-Means,66,88,72.3409090909091,2.0,1.6022727272727273,2.0425531914893615,2.3210831721470018,MEDIUM,MODERATELY COHERENT - meaningful grouping,baking,25.0,dessert,141,3,"granulated sugar, coarse sugar, sugar cube, red plum, nestlccae toll housecae dark chocolate morsels","granulated sugar, coarse sugar, sugar cube, red plum, nestlccae toll housecae dark chocolate morsels, powdered drink mix, sugarfree lemonadeflavored drink mix, earl grey tea, nestle toll house baking cocoa, pie cherries"
K-Means,89,43,190.90697674418604,3.0,1.5813953488372092,2.0441176470588234,4.75376196990424,MEDIUM,MODERATELY COHERENT - meaningful grouping,mixed,13.953488372093023,,68,3,"fresh parsley, fresh savory, carrot sticks, periperi, cooked lamb","fresh parsley, fresh savory, carrot sticks, periperi, cooked lamb, locatelli cheese, laurel leaf, sardines in oil, whole meal bread, frozen potato pierogi"
K-Means,7,73,57.63013698630137,2.0,1.5342465753424657,2.0892857142857144,2.862035225048924,MEDIUM,MODERATELY COHERENT - meaningful grouping,mixed,13.698630136986301,,112,4,"scallion, scotch bonnet pepper, major grey chutney, ovenroasted deli chicken, pignolis","scallion, scotch bonnet pepper, major grey chutney, ovenroasted deli chicken, pignolis, cooked chicken breast half, lowfat silken tofu, pretzel rod, lowfat bacon, alfalfa"
K-Means,15,60,104.25,2.0,1.45,2.0114942528735633,3.3524904214559386,MEDIUM,MODERATELY COHERENT - meaningful grouping,mixed,18.333333333333332,,87,3,"heavy cream, pork rind, puff pastry shells, chocolate candy melts, white port","heavy cream, pork rind, puff pastry shells, chocolate candy melts, white port, angelica, licor, heather honey, atkins baking mix, blue crab meat"
K-Means,81,57,138.8421052631579,3.0,1.368421052631579,2.0256410256410255,3.553756185335132,MEDIUM,MODERATELY COHERENT - meaningful grouping,dairy,21.052631578947366,,78,3,"fresh ground black pepper, paper, dipping sauce, baby bella mushroom, annatto oil","fresh ground black pepper, paper, dipping sauce, baby bella mushroom, annatto oil, smoked trout, fullcream milk, olive oil mayonnaise, dulse seaweed, summer sausage"
K-Means,72,106,39.4811320754717,2.0,1.349056603773585,2.06993006993007,1.9527642169151604,MEDIUM,MODERATELY COHERENT - meaningful grouping,mixed,14.150943396226415,,143,4,"lemon, tartar sauce, rose wine, mint jelly, stick","lemon, tartar sauce, rose wine, mint jelly, stick, turkish bread, turkey breast half, fish roe, bacardi limon, date syrup"
K-Means,83,77,83.15584415584415,2.0,1.2857142857142858,2.101010101010101,2.728584546766365,MEDIUM,MODERATELY COHERENT - meaningful grouping,mixed,10.38961038961039,,99,6,"cayenne pepper, goldfish crackers, habanero sauce, pollock fillet, rib chops","cayenne pepper, goldfish crackers, habanero sauce, pollock fillet, rib chops, squid ring, salted almond, wasabi peas, sesame sticks, black and red pepper blend"
K-Means,91,119,42.05042016806723,2.0,1.2100840336134453,2.0972222222222223,1.7623716153127917,MEDIUM,MODERATELY COHERENT - meaningful grouping,mixed,13.445378151260504,,144,4,"mushroom, veggie burger, chicken consomme, mixed pepper, pate","mushroom, veggie burger, chicken consomme, mixed pepper, pate, unsmoked bacon, pan juices, beef stock granules, pork medallions, yoshida gourmet sauce"
K-Means,95,29,611.2413793103449,2.0,0.9310344827586207,2.0,6.896551724137931,LOW,WEAK COHERENCE - potential artifact,mixed,17.24137931034483,,27,2,"garlic, palm oil, swordfish, fish bouillon cube, ahi","garlic, palm oil, swordfish, fish bouillon cube, ahi, hot spice blend, manila clams, shrimp bouillon, regularstrength chicken broth, grouper steaks"
K-Means,8,33,5.96969696969697,2.0,0.21212121212121213,2.142857142857143,6.493506493506493,MEDIUM,MODERATELY COHERENT - meaningful grouping,baking,21.21212121212121,dessert,7,3,"brioche bread, jumbo egg, blackberry jam, imitation vanilla, orange oil","brioche bread, jumbo egg, blackberry jam, imitation vanilla, orange oil, bleached all purpose flour, pecan meal, cherries in juice, ganache, granular fructose"
